{
    "cogs.admin" : true,
    "cogs.advgoogle" : true,
    "cogs.alias" : true,
    "cogs.antilink" : true,
    "cogs.ascii" : true,
    "cogs.audio" : false,
    "cogs.autoapprove" : true,
    "cogs.autorole" : true,
    "cogs.buyrole" : true,
    "cogs.calculator" : true,
    "cogs.cleverbot" : true,
    "cogs.customcom" : true,
    "cogs.death" : true,
    "cogs.downloader" : true,
    "cogs.economy" : true,
    "cogs.fetch" : true,
    "cogs.fishinsult" : true,
    "cogs.fourinarow" : true,
    "cogs.galias" : true,
    "cogs.general" : true,
    "cogs.google" : true,
    "cogs.grenzpolizei" : true,
    "cogs.helpful_utils" : true,
    "cogs.hyperion" : true,
    "cogs.image" : true,
    "cogs.kill" : true,
    "cogs.lenny" : true,
    "cogs.logs" : false,
    "cogs.massdm" : true,
    "cogs.massmove" : true,
    "cogs.membership" : true,
    "cogs.mod" : true,
    "cogs.nomassmentions" : true,
    "cogs.oboobs" : true,
    "cogs.penis" : true,
    "cogs.ping" : true,
    "cogs.post" : true,
    "cogs.punish" : true,
    "cogs.randimals" : true,
    "cogs.reactions" : true,
    "cogs.remindme" : true,
    "cogs.rolelist" : true,
    "cogs.scheduler" : true,
    "cogs.seen" : true,
    "cogs.slap" : true,
    "cogs.statistics" : true,
    "cogs.streams" : false,
    "cogs.survey" : true,
    "cogs.sysinfo" : false,
    "cogs.translated" : true,
    "cogs.trigger" : false,
    "cogs.trivia" : true,
    "cogs.welcome" : true
}