{
    "243237081726320641" : {
        "1" : {
            "action" : "Kick \ud83d\udc62",
            "case" : 1,
            "message" : "270549201702617098",
            "moderator" : "pain",
            "moderator_id" : "202817241044090881",
            "reason" : null,
            "user" : "anonymous",
            "user_id" : "221443761115365378"
        }
    },
    "267323422529421322" : {
        "1" : {
            "action" : "Kick \ud83d\udc62",
            "case" : 1,
            "message" : "270548918994075659",
            "moderator" : "pain",
            "moderator_id" : "202817241044090881",
            "reason" : null,
            "user" : "Music Bot",
            "user_id" : "267311835970011137"
        },
        "2" : {
            "action" : "Ban \ud83d\udd28",
            "case" : 2,
            "message" : "270567411474890753",
            "moderator" : "pain",
            "moderator_id" : "202817241044090881",
            "reason" : null,
            "user" : "Music Bot",
            "user_id" : "267311835970011137"
        },
        "3" : {
            "action" : "Ban \ud83d\udd28",
            "case" : 3,
            "message" : "270567622272221185",
            "moderator" : "pain",
            "moderator_id" : "202817241044090881",
            "reason" : "spam",
            "user" : "Music Bot",
            "user_id" : "267311835970011137"
        },
        "4" : {
            "action" : "Ban \ud83d\udd28",
            "case" : 4,
            "message" : "270567947410472971",
            "moderator" : null,
            "moderator_id" : null,
            "reason" : null,
            "user" : "Music Bot",
            "user_id" : "267311835970011137"
        },
        "5" : {
            "action" : "Ban \ud83d\udd28",
            "case" : 5,
            "message" : "270568220249948160",
            "moderator" : null,
            "moderator_id" : null,
            "reason" : null,
            "user" : "Music Bot",
            "user_id" : "267311835970011137"
        }
    }
}