{
    "224245370396344320" : {
        "263338708961460235" : [
            "Sentora 2.0",
            "Pain 2.0"
        ],
        "270279125900591104" : [
            "Sentora 2.0",
            "Pain 2.0"
        ]
    },
    "227241005349339137" : {
        "136992378870300672" : [
            "nigga",
            "not nigga",
            "XZero the nigga",
            "what nigga?",
            "ne0 slave",
            "noh"
        ],
        "219583823824814090" : [
            "White Black"
        ]
    }
}