{
    "102228740989276160" : [
        "Rio"
    ],
    "102273424516214784" : [
        "NOODLE DA DOODLE"
    ],
    "105874056766615552" : [
        "Dick Sucking Lips",
        "MrTechBoss"
    ],
    "121654401990393856" : [
        "Zy Tr Od",
        "Zy.Tr.Od"
    ],
    "123651881917480960" : [
        "Blue Pounder Ranger"
    ],
    "129035586408415233" : [
        "\u0399\u03bd\u03c6\u03c1\u03b1\u03bc\u03b1\u03bd"
    ],
    "131790595092905984" : [
        "U\u0365s\u0363e\u036ble\u0363ssMonkey",
        "U\u0365s\u0363e\u036ble\u0363ssM\u2718\u2718\u2718\u2718y"
    ],
    "133772403787563009" : [
        "Kwinal"
    ],
    "136094686182899712" : [
        "VesselOfStars",
        "NightOfFury"
    ],
    "136925587120979969" : [
        "Zapdos"
    ],
    "151995147150819328" : [
        "Kinghellish [ARC]"
    ],
    "152862462754947081" : [
        "Lumen"
    ],
    "158859855451389952" : [
        "Shifty"
    ],
    "160168328520794112" : [
        "Hazed SPaCE\u2718"
    ],
    "163822490030833664" : [
        "Jurgali",
        "Livius Cat"
    ],
    "165110351040479232" : [
        "Frank Martin",
        "John"
    ],
    "167860404373028865" : [
        "Pee-ARRRGH-ell | Contextual",
        "PRL | Contextual"
    ],
    "169878270723096577" : [
        "\u03a8 Sheckle the Jaded Jew \u03a8"
    ],
    "183182830430453761" : [
        "TricksterBlaster71 \ud83d\udc12"
    ],
    "189071900780003339" : [
        "s\u03c2 \u2022 A\u03c3\u043a\u03b1\u03b7\u03b1 \ud83d\udc3e",
        "\u300c s\u03c2 \u2022  A\u03c3\u043a\u03b1\u03b7\u03b1 \u300dMartinIlEstAMoi",
        "\u300c s\u03c2 \u2022  A\u03c3\u043a\u03b1\u03b7\u03b1 \u300dMON Martin \u2764",
        "\ud83e\udd8b\u300c s\u03c2 \u2022  A\u03c3\u043a\u03b1\u03b7\u03b1 \u300d"
    ],
    "189570540388745217" : [
        "CRUSHED"
    ],
    "201864698658816000" : [
        "Jeremy.",
        "Jeremy"
    ],
    "204898943891406848" : [
        "saeeds bitch"
    ],
    "206878560831537152" : [
        "\" ! \u1566( \u0361\u00b0 \u035c\u0296 \u0361\u00b0)\u1564 ! \""
    ],
    "218532097143472128" : [
        "that guy",
        "BOBBYBEASTKILLER"
    ],
    "218753123659808768" : [
        "Dio"
    ],
    "227199260804907008" : [
        "stongaishitler"
    ],
    "227966931880247297" : [
        "Cpt.Nips (busywithstuff)"
    ],
    "228957774996832276" : [
        "Beta\ud83d\udc19"
    ],
    "229785933224869888" : [
        "Knock Knock"
    ],
    "232788253634330625" : [
        "GoodCake",
        "JackieChansNose"
    ],
    "245898303844122624" : [
        "M!...<3",
        "Z!...<3",
        "!...<3"
    ],
    "245961651243712512" : [
        "A-Loner...."
    ],
    "247777954229125120" : [
        "Sealixir"
    ],
    "248294452307689473" : [
        "TheOnlyTom\u00ae"
    ],
    "254929635064807425" : [
        ".\u043dea\u0442\u043denwe\u0455ao\u043c."
    ],
    "259544611293233153" : [
        "makala",
        "Learn2live135"
    ],
    "70545408530579456" : [
        "Glider"
    ],
    "73167376274685952" : [
        "RJ | Radio"
    ],
    "83274836209569792" : [
        "FashionablyLeight"
    ],
    "88443903425921024" : [
        "Basedbee The Imperial"
    ]
}