{
    "224245370396344320" : {
        "135795864349179904" : {
            "1484517106.961842" : {
                "EVENT" : "JOIN",
                "MEMBER_ID" : "135795864349179904",
                "MEMBER_NAME" : "TheKingOfWeird",
                "TIMESTAMP" : "2017-01-15 21:51:46"
            },
            "BAN" : false,
            "STRIKES" : 0
        },
        "170281681494736906" : {
            "1484599832.5524256" : {
                "EVENT" : "JOIN",
                "MEMBER_ID" : "170281681494736906",
                "MEMBER_NAME" : "Tsukino Mai",
                "TIMESTAMP" : "2017-01-16 20:50:32"
            },
            "1484601489.7349799" : {
                "EVENT" : "LEAVE",
                "MEMBER_ID" : "170281681494736906",
                "MEMBER_NAME" : "Tsukino Mai",
                "TIMESTAMP" : "2017-01-16 21:18:09"
            },
            "BAN" : false,
            "STRIKES" : 0
        },
        "221443761115365378" : {
            "1484513862.346409" : {
                "EVENT" : "LEAVE",
                "MEMBER_ID" : "221443761115365378",
                "MEMBER_NAME" : "anonymous",
                "TIMESTAMP" : "2017-01-15 20:57:42"
            },
            "1484514401.6533298" : {
                "EVENT" : "JOIN",
                "MEMBER_ID" : "221443761115365378",
                "MEMBER_NAME" : "anonymous",
                "TIMESTAMP" : "2017-01-15 21:06:41"
            },
            "1484516804.9124155" : {
                "EVENT" : "LEAVE",
                "MEMBER_ID" : "221443761115365378",
                "MEMBER_NAME" : "anonymous",
                "TIMESTAMP" : "2017-01-15 21:46:44"
            },
            "1484516833.0385911" : {
                "EVENT" : "JOIN",
                "MEMBER_ID" : "221443761115365378",
                "MEMBER_NAME" : "anonymous",
                "TIMESTAMP" : "2017-01-15 21:47:13"
            },
            "1484516903.8488872" : {
                "EVENT" : "LEAVE",
                "MEMBER_ID" : "221443761115365378",
                "MEMBER_NAME" : "anonymous",
                "TIMESTAMP" : "2017-01-15 21:48:23"
            },
            "1484516913.9335349" : {
                "EVENT" : "JOIN",
                "MEMBER_ID" : "221443761115365378",
                "MEMBER_NAME" : "anonymous",
                "TIMESTAMP" : "2017-01-15 21:48:33"
            },
            "1484517402.4435933" : {
                "EVENT" : "LEAVE",
                "MEMBER_ID" : "221443761115365378",
                "MEMBER_NAME" : "anonymous",
                "TIMESTAMP" : "2017-01-15 21:56:42"
            },
            "1484517410.5189967" : {
                "EVENT" : "JOIN",
                "MEMBER_ID" : "221443761115365378",
                "MEMBER_NAME" : "anonymous",
                "TIMESTAMP" : "2017-01-15 21:56:50"
            },
            "1484602166.022239" : {
                "EVENT" : "LEAVE",
                "MEMBER_ID" : "221443761115365378",
                "MEMBER_NAME" : "anonymous",
                "TIMESTAMP" : "2017-01-16 21:29:26"
            },
            "BAN" : false,
            "STRIKES" : 0
        },
        "240336970377723905" : {
            "1484541125.043857" : {
                "EVENT" : "JOIN",
                "MEMBER_ID" : "240336970377723905",
                "MEMBER_NAME" : "TheGreatDerpsby",
                "TIMESTAMP" : "2017-01-16 04:32:05"
            },
            "BAN" : false,
            "STRIKES" : 0
        },
        "257773862681313280" : {
            "1484597333.109389" : {
                "EVENT" : "JOIN",
                "MEMBER_ID" : "257773862681313280",
                "MEMBER_NAME" : "ceil",
                "TIMESTAMP" : "2017-01-16 20:08:53"
            },
            "1484597663.7225606" : {
                "EVENT" : "LEAVE",
                "MEMBER_ID" : "257773862681313280",
                "MEMBER_NAME" : "ceil",
                "TIMESTAMP" : "2017-01-16 20:14:23"
            },
            "BAN" : false,
            "STRIKES" : 0
        },
        "263338708961460235" : {
            "1484517552.1758578" : {
                "EVENT" : "LEAVE",
                "MEMBER_ID" : "263338708961460235",
                "MEMBER_NAME" : "pain 2.0",
                "TIMESTAMP" : "2017-01-15 21:59:12"
            },
            "BAN" : false,
            "STRIKES" : 0
        },
        "264796586649976832" : {
            "1484597891.9525352" : {
                "EVENT" : "LEAVE",
                "MEMBER_ID" : "264796586649976832",
                "MEMBER_NAME" : "St0p",
                "TIMESTAMP" : "2017-01-16 20:18:11"
            },
            "BAN" : false,
            "STRIKES" : 0
        }
    },
    "243237081726320641" : {
        "141940399047442434" : {
            "1484592766.2823327" : {
                "EVENT" : "LEAVE",
                "MEMBER_ID" : "141940399047442434",
                "MEMBER_NAME" : "\u03be\u0260\u00d8\u014b",
                "TIMESTAMP" : "2017-01-16 18:52:46"
            },
            "BAN" : false,
            "STRIKES" : 0
        },
        "221443761115365378" : {
            "1484573436.2680564" : {
                "EVENT" : "JOIN",
                "MEMBER_ID" : "221443761115365378",
                "MEMBER_NAME" : "anonymous",
                "TIMESTAMP" : "2017-01-16 13:30:36"
            },
            "1484573504.3498843" : {
                "EVENT" : "LEAVE",
                "MEMBER_ID" : "221443761115365378",
                "MEMBER_NAME" : "anonymous",
                "TIMESTAMP" : "2017-01-16 13:31:44"
            },
            "1484574327.153552" : {
                "EVENT" : "JOIN",
                "MEMBER_ID" : "221443761115365378",
                "MEMBER_NAME" : "anonymous",
                "TIMESTAMP" : "2017-01-16 13:45:27"
            },
            "1484574353.8984277" : {
                "EVENT" : "LEAVE",
                "MEMBER_ID" : "221443761115365378",
                "MEMBER_NAME" : "anonymous",
                "TIMESTAMP" : "2017-01-16 13:45:53"
            },
            "BAN" : false,
            "STRIKES" : 0
        },
        "270381315231055883" : {
            "1484577654.685266" : {
                "EVENT" : "JOIN",
                "MEMBER_ID" : "270381315231055883",
                "MEMBER_NAME" : "zadent1ty",
                "TIMESTAMP" : "2017-01-16 14:40:54"
            },
            "BAN" : false,
            "STRIKES" : 0
        }
    }
}