[
    {
        "active" : true,
        "case_sensitive" : false,
        "cooldown" : 1,
        "name" : "pinger",
        "owner" : "202817241044090881",
        "regex" : false,
        "responses" : [],
        "server" : "267323422529421322",
        "triggered" : 2,
        "triggered_by" : "ping?",
        "type" : "all"
    },
    {
        "active" : true,
        "case_sensitive" : false,
        "cooldown" : 1,
        "name" : "del50",
        "owner" : "202817241044090881",
        "regex" : false,
        "responses" : [
            "=cleanup messages 50",
            "=triggerset",
            "=trigger",
            "=trigger list",
            "=trigger remove pingt",
            "del50",
            "=trigger info del50",
            "messages",
            "=trigger",
            "=trigger delete pingt",
            "=unload trigger",
            "=cogs",
            "=load audio"
        ],
        "server" : "267323422529421322",
        "triggered" : 1,
        "triggered_by" : "messages",
        "type" : "all"
    }
]